Class,Precision,Recall,F1,Support
Abusive,0.753165870873988,0.7266172641698377,0.7396534148827727,4993
None,0.8621886484279297,0.8925287963647892,0.8770964224518407,9463
Religious,0.9221284879948086,0.8848069738480697,0.9030823006037496,1606
Sexual,0.8359486447931527,0.8120092378752887,0.823805060918463,2165
Threat,0.787828947368421,0.7507836990595611,0.768860353130016,638
Macro average,0.83225211989166,0.8133491942635093,0.8224995103973682,18865
Weighted average,0.8329101727784368,0.8339252584150545,0.8331552601710309,18865
