Group,Samples,Share (%)
Bangla script,56989,60.41898582530242
Romanized Bangla,37334,39.58101417469758
