Class,Samples,Share (%)
None,47312,50.15955811413971
Abusive,24963,26.465443211093792
Sexual,10822,11.473341602790411
Religious,8032,8.51542041707749
Threat,3194,3.386236654898593
