Run,Weight
xlmr_seed123,0.3131713870509167
muril_seed123,0.1336509630599997
banglabert_seed456,0.12444866849590126
banglishbert_seed456,0.09385342912208189
muril_seed42,0.0799441036783522
xlmr_seed42,0.052045644106076296
banglishbert_seed42,0.05141773205779943
banglabert_seed42,0.04629652168710268
banglishbert_seed123,0.03361092455627349
xlmr_seed456,0.02951432187437886
muril_seed456,0.02830360611034433
banglabert_seed123,0.013742698200773265
