Class,Precision,Recall,F1,Support,Official F1,Δ vs official JSON
Abusive,0.753165870873988,0.7266172641698377,0.7396534148827727,4993,0.7397,-4.658511722732683e-05
None,0.8621886484279297,0.8925287963647892,0.8770964224518407,9463,0.8771,-3.577548159272581e-06
Religious,0.9221284879948086,0.8848069738480697,0.9030823006037496,1606,0.9031,-1.769939625040351e-05
Sexual,0.8359486447931527,0.8120092378752887,0.823805060918463,2165,0.8238,5.060918462973518e-06
Threat,0.787828947368421,0.7507836990595611,0.768860353130016,638,0.7689,-3.964686998403355e-05
