Group,Samples,Share (%)
none,47312,50.15955811413971
abusive,24963,26.465443211093792
sexual,10822,11.473341602790411
religious,8032,8.51542041707749
threat,3194,3.386236654898593
