{
  "macro_f1": 0.8603,
  "weighted_f1": 0.8673,
  "accuracy": 0.8673,
  "mcc": 0.8228,
  "macro_auroc": 0.9723,
  "per_class_f1": {
    "Not Bully": 0.8805,
    "Religious": 0.9331,
    "Sexual": 0.8645,
    "Threat": 0.8108,
    "Troll": 0.8125
  },
  "weights": {
    "banglishbert_s42": 0.4739585862512648,
    "banglishbert_s123": 0.022345089220563736,
    "banglishbert_s456": 0.5036963245281715
  }
}