Class,Base paper,Proposed model,Δ Proposed − Base
Not Bully,0.9151,0.8891,-0.026000000000000023
Religious,0.9374,0.9302,-0.007199999999999984
Sexual,0.8845,0.872,-0.012499999999999956
Threat,0.7579,0.8292,0.07130000000000003
Troll,0.8446,0.8192,-0.025399999999999978
