Group,Samples,Share (%)
Facebook-44K,43078,45.67072718212949
BANTH,37334,39.58101417469758
Multilabel-12.5K,8882,9.416579201255262
BD-SHS,5029,5.331679441917666
