Split,Samples,Share (%)
Train,66026,69.9998939813195
Validation,9432,9.999681943958526
Test,18865,20.000424074721966
