Script,Samples,Share (%)
Bangla,56989,60.41898582530242
Romanized,37334,39.58101417469758
