{
  "macro_f1": 0.867,
  "weighted_f1": 0.8703,
  "accuracy": 0.8703,
  "mcc": 0.8266,
  "macro_auroc": 0.9719,
  "per_class_f1": {
    "Not Bully": 0.8813,
    "Religious": 0.9366,
    "Sexual": 0.8711,
    "Threat": 0.8337,
    "Troll": 0.8122
  },
  "best_single_macro_f1": 0.8602,
  "n_test": 6467,
  "seeds": [
    42,
    123,
    456
  ],
  "ensemble_weights": {
    "s42": 0.501859989732471,
    "s123": 0.37063867618683344,
    "s456": 0.1275013340806955
  }
}