{
  "macro_f1": 0.8135,
  "weighted_f1": 0.8224,
  "accuracy": 0.8222,
  "mcc": 0.7291,
  "macro_auroc": 0.9534,
  "per_class_f1": {
    "abusive": 0.7214,
    "none": 0.8675,
    "religious": 0.8953,
    "sexual": 0.8226,
    "threat": 0.7608
  },
  "best_single_macro_f1": 0.8086,
  "n_test": 18865,
  "seeds": [
    42,
    123,
    456
  ],
  "ensemble_weights": {
    "s42": 0.141863166324147,
    "s123": 0.16964031904802646,
    "s456": 0.6884965146278266
  }
}